{
    "strategy": "sequential-composition",
    "anchor": "middle.jpg",
    "left_chain": [
        "left_2.jpg",
        "left_1.jpg",
        "middle.jpg"
    ],
    "right_chain": [
        "right_2.jpg",
        "right_1.jpg",
        "middle.jpg"
    ],
    "homographies": {
        "H_left2_to_left1": [
            [
                1.297362984119775,
                -0.01986838493341635,
                -356.88476678603894
            ],
            [
                0.10020826495099464,
                1.1600699122699614,
                -78.08926615891514
            ],
            [
                0.00023463022180208583,
                -2.3566333919999254e-05,
                1.0
            ]
        ],
        "H_left1_to_middle": [
            [
                1.2131953377267959,
                -0.00025896040094609515,
                -234.6394570182883
            ],
            [
                0.07359713618398897,
                1.123284129029242,
                -53.66853964791889
            ],
            [
                0.00017175146444412096,
                -4.908791830826974e-06,
                1.0
            ]
        ],
        "H_left2_to_middle": [
            [
                1.5188752658572424,
                -0.018875052344088667,
                -667.5901701611515
            ],
            [
                0.19545229247795368,
                1.3028906355118337,
                -167.6506697549118
            ],
            [
                0.00045696231272787923,
                -3.267329983699197e-05,
                0.9390878426184954
            ]
        ],
        "H_right2_to_right1": [
            [
                1.335337593968325,
                0.0033410684736345625,
                -358.177228445573
            ],
            [
                0.12092804967955921,
                1.2281891258267854,
                -96.38640359004202
            ],
            [
                0.0002629083225498708,
                2.2239806173744587e-05,
                1.0
            ]
        ],
        "H_right1_to_middle": [
            [
                0.757841961898816,
                0.0032331788242675147,
                255.81831165209798
            ],
            [
                -0.08966844745313685,
                0.8823203675600723,
                55.671457858639194
            ],
            [
                -0.00018163141344773552,
                -1.4424803738085272e-05,
                1.0
            ]
        ],
        "H_right2_to_middle": [
            [
                1.079622607213677,
                0.012192306627553539,
                -15.935056339610128
            ],
            [
                0.0015961219641650788,
                1.0845948149420936,
                2.7449668030618994
            ],
            [
                1.8624704544448515e-05,
                3.9165760911507775e-06,
                1.0664465912221681
            ]
        ]
    }
}