{
    "strategy": "sequential-composition",
    "anchor": "middle.jpg",
    "left_chain": [
        "left_2.jpg",
        "left_1.jpg",
        "middle.jpg"
    ],
    "right_chain": [
        "right_2.jpg",
        "right_1.jpg",
        "middle.jpg"
    ],
    "homographies": {
        "H_left2_to_left1": [
            [
                1.8090432823652836,
                -0.04737915078863551,
                -1221.345402716691
            ],
            [
                0.23084940537582055,
                1.7029194183109013,
                -214.50663043148347
            ],
            [
                0.0006551918972189825,
                0.00014694959578984664,
                1.0
            ]
        ],
        "H_left1_to_middle": [
            [
                1.6026786219870417,
                -0.12743930689796554,
                -902.2139373175797
            ],
            [
                0.19487084439897823,
                1.3639072293516272,
                -164.41621158174314
            ],
            [
                0.0005078545563685142,
                -0.00017388775555327656,
                1.0
            ]
        ],
        "H_left2_to_middle": [
            [
                2.278772445388692,
                -0.42553239587425895,
                -2832.3015280065683
            ],
            [
                0.5596627952726282,
                2.2892303946831833,
                -694.9879655013129
            ],
            [
                0.0015337808858644345,
                -0.0001732289573532067,
                0.4170342488476174
            ]
        ],
        "H_right2_to_right1": [
            [
                1.4098212369461776,
                -0.029894024173446367,
                -443.63547905426725
            ],
            [
                0.13753794225814067,
                1.2596868698133579,
                -123.16500526571343
            ],
            [
                0.00032830476672682897,
                -5.625495020496179e-06,
                1.0
            ]
        ],
        "H_right1_to_middle": [
            [
                0.6471438002365283,
                0.03161280438289246,
                499.7063305068296
            ],
            [
                -0.09486661917481974,
                0.8889581777651901,
                44.88949532545613
            ],
            [
                -0.00024002714940551414,
                -2.7393451280078702e-05,
                1.0
            ]
        ],
        "H_right2_to_middle": [
            [
                1.080761003264309,
                0.017665406717164496,
                208.71678945361543
            ],
            [
                0.0032579394247332864,
                1.122392363718458,
                -22.512845276112635
            ],
            [
                -1.385824486912861e-05,
                -3.2957288510271375e-05,
                1.1098584739837025
            ]
        ]
    }
}